<?xml version="1.0" encoding="UTF-8"?>

<databaseChangeLog
        xmlns="http://www.liquibase.org/xml/ns/dbchangelog"
        xmlns:xsi="http://www.w3.org/2001/XMLSchema-instance"
        xsi:schemaLocation="http://www.liquibase.org/xml/ns/dbchangelog
                      http://www.liquibase.org/xml/ns/dbchangelog/dbchangelog-3.8.xsd">

    <!-- Changeset to create a new table  -->
    <changeSet id="customer-schema" author="sparsh">
        <createTable tableName="customer">
            <column name="customer_id" type="bigint" autoIncrement="true">
                <constraints primaryKey="true" nullable="false"/>
            </column>
            <column name="name" type="varchar(255)">
                <constraints nullable="false"/>
            </column>
            <column name="email" type="varchar(250)">
                <constraints nullable="false"/>
            </column>
            <column name="mobile_number" type="varchar(50)">
                <constraints nullable="false"/>
            </column>
            <column name="created_at" type="timestamp">
                <constraints nullable="false"/>
            </column>
            <column name="created_by" type="varchar(50)">
                <constraints nullable="false"/>
            </column>
            <column name="updated_at" type="timestamp">
                <constraints nullable="true"/>
            </column>
            <column name="updated_by" type="varchar(50)">
                <constraints nullable="true"/>
            </column>
        </createTable>
    </changeSet>

    <changeSet id="accounts-schema" author="sparsh">
        <createTable tableName="accounts">
            <column name="customer_id" type="bigint">
                <constraints nullable="false"/>
            </column>
            <column name="account_number" type="bigint" autoIncrement="true">
                <constraints primaryKey="true" nullable="false"/>
            </column>
            <column name="account_type" type="varchar(255)">
                <constraints nullable="false"/>
            </column>
            <column name="branch_address" type="varchar(250)">
                <constraints nullable="false"/>
            </column>
            <column name="created_at" type="timestamp">
                <constraints nullable="false"/>
            </column>
            <column name="created_by" type="varchar(50)">
                <constraints nullable="false"/>
            </column>
            <column name="updated_at" type="timestamp">
                <constraints nullable="true"/>
            </column>
            <column name="updated_by" type="varchar(50)">
                <constraints nullable="true"/>
            </column>
        </createTable>
    </changeSet>

</databaseChangeLog>
